{"rmse": 2.932135504679972, "_timestamp": 1692769489.9294589, "_runtime": 9.192310810089111, "_step": 0, "_wandb": {"runtime": 7}}